id_utilisateur,id_evenement_a_venir
1,862
2,510
3,448
4,313
5,655
6,220
7,491
8,899
9,694
10,587
11,806
12,957
13,883
14,776
15,985
16,341
17,501
18,515
19,909
20,637
21,812
22,370
23,963
24,173
25,835
26,576
27,823
28,101
29,546
30,855
31,626
32,584
33,923
34,743
35,887
36,755
37,851
38,343
39,124
40,974
41,924
42,956
43,469
44,486
45,719
46,610
47,441
48,986
49,394
50,142
51,984
52,385
53,67
54,146
55,778
56,584
57,964
58,841
59,513
60,181
61,895
62,245
63,235
64,612
65,707
66,125
67,471
68,697
69,961
70,200
71,5
72,439
73,79
74,916
75,715
76,317
77,179
78,979
79,895
80,712
81,508
82,27
83,217
84,297
85,786
86,44
87,692
88,348
89,932
90,346
91,473
92,917
93,831
94,969
95,387
96,942
97,823
98,209
99,977
100,469
101,375
102,368
103,207
104,462
105,493
106,38
107,851
108,79
109,390
110,665
111,143
112,364
113,261
114,54
115,989
116,265
117,998
118,458
119,320
120,551
121,144
122,42
123,796
124,399
125,443
126,211
127,103
128,755
129,522
130,827
131,10
132,751
133,73
134,657
135,793
136,20
137,972
138,870
139,569
140,292
141,80
142,268
143,642
144,955
145,110
146,398
147,64
148,999
149,438
150,102
151,204
152,618
153,170
154,247
155,566
156,990
157,705
158,573
159,946
160,827
161,865
162,784
163,146
164,851
165,405
166,501
167,306
168,584
169,488
170,756
171,348
172,28
173,597
174,92
175,729
176,791
177,715
178,6
179,110
180,84
181,117
182,380
183,365
184,461
185,199
186,668
187,112
188,749
189,807
190,531
191,284
192,480
193,624
194,894
195,851
196,929
197,643
198,115
199,755
200,648
201,520
202,975
203,850
204,433
205,373
206,875
207,667
208,755
209,152
210,733
211,963
212,522
213,463
214,15
215,847
216,817
217,454
218,150
219,283
220,623
221,504
222,35
223,403
224,916
225,20
226,519
227,679
228,439
229,893
230,201
231,440
232,106
233,279
234,854
235,774
236,111
237,189
238,35
239,860
240,255
241,715
242,951
243,879
244,651
245,231
246,657
247,523
248,368
249,960
250,591
251,77
252,228
253,295
254,688
255,694
256,209
257,652
258,757
259,804
260,225
261,197
262,853
263,267
264,656
265,40
266,748
267,333
268,122
269,125
270,820
271,873
272,785
273,57
274,401
275,130
276,846
277,420
278,568
279,414
280,833
281,899
282,426
283,529
284,892
285,727
286,580
287,293
288,93
289,86
290,944
291,962
292,932
293,448
294,561
295,559
296,173
297,504
298,18
299,232
300,57
301,5
302,270
303,570
304,978
305,730
306,752
307,467
308,673
309,462
310,850
311,637
312,475
313,90
314,57
315,306
316,900
317,695
318,2
319,796
320,902
321,966
322,442
323,870
324,866
325,951
326,972
327,336
328,260
329,658
330,781
331,617
332,147
333,910
334,671
335,738
336,693
337,136
338,440
339,417
340,508
341,158
342,689
343,495
344,745
345,287
346,123
347,959
348,114
349,665
350,528
351,35
352,423
353,578
354,677
355,987
356,578
357,63
358,716
359,114
360,444
361,334
362,505
363,918
364,1000
365,911
366,998
367,175
368,370
369,498
370,541
371,726
372,725
373,15
374,485
375,203
376,461
377,567
378,995
379,460
380,11
381,113
382,504
383,208
384,153
385,991
386,92
387,200
388,208
389,28
390,952
391,970
392,963
393,172
394,479
395,256
396,724
397,175
398,905
399,827
400,50
401,325
402,45
403,794
404,17
405,964
406,125
407,583
408,386
409,995
410,928
411,952
412,341
413,969
414,679
415,920
416,528
417,231
418,180
419,373
420,337
421,193
422,361
423,325
424,340
425,910
426,479
427,790
428,55
429,673
430,848
431,792
432,610
433,50
434,848
435,714
436,12
437,261
438,937
439,548
440,465
441,217
442,47
443,858
444,705
445,661
446,656
447,608
448,65
449,593
450,644
451,485
452,35
453,206
454,76
455,209
456,787
457,224
458,903
459,93
460,85
461,121
462,33
463,591
464,394
465,577
466,616
467,201
468,688
469,104
470,671
471,971
472,65
473,514
474,35
475,496
476,628
477,848
478,608
479,239
480,178
481,202
482,498
483,977
484,674
485,318
486,913
487,583
488,641
489,969
490,591
491,975
492,97
493,880
494,682
495,969
496,463
497,650
498,682
499,374
500,480
501,146
502,256
503,893
504,973
505,395
506,823
507,107
508,141
509,348
510,290
511,531
512,736
513,5
514,641
515,318
516,762
517,243
518,120
519,37
520,465
521,310
522,549
523,223
524,907
525,432
526,989
527,997
528,923
529,136
530,948
531,260
532,38
533,133
534,408
535,921
536,341
537,662
538,568
539,339
540,59
541,554
542,64
543,131
544,225
545,487
546,613
547,445
548,262
549,414
550,794
551,559
552,120
553,629
554,546
555,235
556,510
557,613
558,597
559,678
560,974
561,197
562,616
563,613
564,866
565,566
566,22
567,955
568,988
569,613
570,843
571,258
572,623
573,840
574,573
575,117
576,684
577,69
578,498
579,345
580,837
581,487
582,943
583,212
584,851
585,535
586,972
587,48
588,281
589,609
590,640
591,450
592,76
593,865
594,368
595,598
596,469
597,244
598,391
599,871
600,973
601,537
602,91
603,645
604,378
605,567
606,934
607,954
608,76
609,425
610,818
611,618
612,917
613,940
614,102
615,886
616,190
617,758
618,292
619,760
620,890
621,408
622,51
623,600
624,121
625,762
626,804
627,515
628,561
629,165
630,108
631,553
632,212
633,527
634,286
635,26
636,753
637,6
638,336
639,55
640,895
641,168
642,735
643,343
644,203
645,797
646,828
647,15
648,370
649,991
650,886
651,90
652,606
653,942
654,315
655,612
656,322
657,849
658,120
659,143
660,517
661,15
662,454
663,943
664,668
665,599
666,299
667,700
668,431
669,767
670,837
671,690
672,24
673,830
674,354
675,337
676,957
677,987
678,808
679,296
680,726
681,8
682,747
683,37
684,492
685,360
686,499
687,778
688,724
689,225
690,467
691,911
692,295
693,318
694,389
695,696
696,11
697,648
698,527
699,385
700,663
701,327
702,627
703,851
704,946
705,69
706,500
707,824
708,53
709,728
710,333
711,658
712,744
713,504
714,835
715,994
716,381
717,722
718,176
719,998
720,990
721,154
722,645
723,952
724,823
725,368
726,60
727,289
728,8
729,941
730,725
731,79
732,423
733,910
734,571
735,76
736,997
737,931
738,342
739,164
740,645
741,827
742,645
743,283
744,604
745,434
746,545
747,487
748,373
749,274
750,792
751,29
752,98
753,425
754,15
755,80
756,86
757,455
758,663
759,832
760,411
761,299
762,148
763,436
764,958
765,252
766,55
767,686
768,886
769,490
770,416
771,678
772,424
773,68
774,938
775,284
776,586
777,413
778,944
779,726
780,226
781,684
782,556
783,470
784,724
785,832
786,114
787,145
788,969
789,489
790,404
791,689
792,95
793,116
794,137
795,254
796,611
797,216
798,169
799,936
800,499
801,317
802,167
803,730
804,123
805,188
806,347
807,138
808,356
809,617
810,863
811,724
812,551
813,4
814,463
815,259
816,139
817,419
818,285
819,286
820,689
821,576
822,923
823,48
824,535
825,617
826,530
827,826
828,609
829,511
830,123
831,793
832,386
833,725
834,733
835,149
836,781
837,341
838,777
839,282
840,975
841,37
842,10
843,505
844,478
845,140
846,66
847,86
848,954
849,673
850,773
851,875
852,195
853,98
854,939
855,368
856,575
857,746
858,74
859,90
860,98
861,369
862,236
863,436
864,183
865,633
866,355
867,762
868,130
869,204
870,434
871,735
872,865
873,221
874,742
875,582
876,241
877,421
878,415
879,532
880,914
881,551
882,449
883,230
884,819
885,187
886,432
887,396
888,313
889,615
890,757
891,900
892,732
893,300
894,377
895,70
896,44
897,591
898,838
899,275
900,352
901,137
902,213
903,592
904,257
905,945
906,190
907,508
908,355
909,538
910,780
911,555
912,880
913,937
914,563
915,189
916,786
917,79
918,541
919,238
920,17
921,725
922,957
923,374
924,75
925,228
926,574
927,191
928,428
929,208
930,274
931,75
932,12
933,219
934,279
935,507
936,691
937,509
938,864
939,179
940,523
941,755
942,620
943,927
944,490
945,505
946,285
947,935
948,914
949,129
950,145
951,294
952,265
953,823
954,962
955,681
956,515
957,471
958,727
959,436
960,523
961,806
962,727
963,544
964,39
965,560
966,829
967,25
968,870
969,68
970,554
971,683
972,189
973,617
974,114
975,512
976,681
977,138
978,793
979,742
980,309
981,118
982,141
983,659
984,838
985,437
986,551
987,81
988,297
989,335
990,770
991,212
992,915
993,15
994,926
995,946
996,972
997,300
998,43
999,445
1000,927
