id,tag_film,tag_serie,tag_utilisateur,tag_evenement_passe,tag_lieu,tag_evenement_a_venir,tag_publication,tag_photo
1,,561,64,715,565,806,772,372
2,595,96,693,444,119,627,757,967
3,406,878,727,390,107,676,714,553
4,865,979,652,614,874,368,932,53
5,868,311,110,752,531,447,916,398
6,289,310,93,416,533,332,154,620
7,68,740,20,162,579,288,983,336
8,241,157,199,372,892,543,149,46
9,824,438,968,900,195,255,612,628
10,388,149,202,72,836,168,557,892
11,967,201,350,185,284,43,878,143
12,640,320,781,786,519,782,198,783
13,35,599,186,949,513,698,149,129
14,484,552,919,608,893,391,122,630
15,826,377,420,386,168,166,823,558
16,479,31,222,735,479,448,68,53
17,889,804,212,737,602,724,48,557
18,272,644,168,448,641,645,498,302
19,498,486,396,312,105,619,284,545
20,794,407,527,635,197,250,462,831
21,825,281,733,197,648,844,419,115
22,732,208,571,533,227,364,47,979
23,841,501,659,777,779,954,338,928
24,907,786,383,866,303,96,334,822
25,221,113,584,491,75,947,68,188
26,439,344,525,922,664,664,627,184
27,937,685,662,966,497,835,303,278
28,651,133,264,787,65,420,634,829
29,311,412,892,115,239,57,575,999
30,626,866,742,629,417,468,618,130
31,270,380,597,418,138,74,199,529
32,599,836,977,53,730,189,999,554
33,827,325,482,689,649,495,332,403
34,738,23,280,923,271,819,57,621
35,611,786,337,555,462,393,949,665
36,424,477,881,409,603,617,463,534
37,769,181,22,111,632,765,288,381
38,187,601,997,123,779,775,58,603
39,825,402,845,53,254,899,313,585
40,6,57,513,498,132,74,125,274
41,920,550,472,863,968,515,929,16
42,436,833,172,565,869,204,994,667
43,285,73,285,312,879,3,17,921
44,202,796,83,283,447,645,487,318
45,566,988,746,312,229,239,612,253
46,634,182,31,959,239,636,522,305
47,711,206,254,162,264,169,61,896
48,905,744,791,317,416,718,91,381
49,336,748,593,555,363,944,48,28
50,155,333,60,170,588,265,931,161
51,460,366,742,113,635,251,125,445
52,386,319,999,52,263,823,635,842
53,676,387,353,400,427,258,53,249
54,523,853,839,835,352,841,862,444
55,408,583,840,363,306,719,453,568
56,198,707,588,763,320,621,418,662
57,313,910,242,218,723,540,534,347
58,693,689,22,586,327,155,894,605
59,889,148,280,45,646,280,924,9
60,379,701,624,796,716,370,509,185
61,78,727,44,182,691,96,778,155
62,339,494,316,108,61,766,907,849
63,834,108,137,811,564,9,481,27
64,379,332,938,841,815,561,401,22
65,856,195,347,507,142,770,628,810
66,893,788,546,78,936,473,758,840
67,280,414,728,426,134,595,735,523
68,817,524,824,734,589,377,51,888
69,967,34,425,407,887,493,498,995
70,57,596,597,159,954,825,615,338
71,277,599,858,606,769,584,909,422
72,776,653,423,41,566,426,119,707
73,795,234,240,715,763,703,577,786
74,464,396,295,511,391,566,618,510
75,693,978,212,743,625,820,57,879
76,48,225,15,196,441,353,903,551
77,521,945,790,639,342,139,247,610
78,689,105,711,46,536,93,615,733
79,313,596,899,253,305,580,165,97
80,139,122,878,651,234,659,435,639
81,708,479,834,693,184,967,55,618
82,368,393,888,662,460,347,734,991
83,403,673,674,103,813,389,342,215
84,343,658,641,867,888,650,6,912
85,236,750,430,731,432,527,207,211
86,982,280,276,553,176,906,596,917
87,997,137,651,512,67,443,820,640
88,353,792,112,278,119,369,782,280
89,513,120,195,959,344,973,962,524
90,241,773,882,650,616,659,442,112
91,110,989,992,304,950,934,729,91
92,858,99,858,344,347,953,960,925
93,879,612,708,525,138,35,106,951
94,552,72,427,637,785,351,185,335
95,96,693,185,924,19,941,28,406
96,629,504,440,961,653,542,224,953
97,738,556,135,1,730,576,990,354
98,787,905,261,314,521,960,277,976
99,865,300,512,350,272,520,439,309
100,332,50,928,694,757,224,95,372
101,929,390,729,861,81,193,82,649
102,87,110,991,205,977,492,219,414
103,310,753,570,110,317,637,823,995
104,956,819,287,750,800,280,406,815
105,486,933,536,476,885,419,30,685
106,67,57,196,404,896,24,955,491
107,125,728,324,140,949,868,853,330
108,180,44,850,376,166,450,374,220
109,450,831,212,670,967,698,77,596
110,581,453,628,157,45,828,858,947
111,45,313,567,865,192,763,298,253
112,337,757,958,23,405,405,341,930
113,495,289,466,497,140,960,648,867
114,879,359,645,174,418,145,848,385
115,954,65,401,598,750,277,791,171
116,118,97,132,747,612,12,889,584
117,24,172,737,615,557,170,477,409
118,108,537,453,427,198,506,346,261
119,236,502,786,770,194,984,231,332
120,660,67,806,282,285,343,177,198
121,272,671,946,267,642,845,189,45
122,644,669,657,288,894,694,294,392
123,190,376,627,838,987,847,45,603
124,579,157,155,555,242,381,705,963
125,1,448,467,264,125,255,740,532
126,170,930,117,538,12,684,274,106
127,730,875,489,881,374,823,703,532
128,900,646,450,365,98,881,107,258
129,982,242,951,567,279,405,101,729
130,547,567,941,272,711,714,807,107
131,532,172,745,540,408,875,746,171
132,277,833,758,325,602,30,276,818
133,356,825,108,652,322,902,266,947
134,34,983,433,888,611,697,477,897
135,652,625,655,132,354,61,670,757
136,917,359,310,916,924,981,829,72
137,985,703,172,305,353,875,764,471
138,124,363,565,556,774,236,718,649
139,460,990,81,688,208,276,591,888
140,531,325,880,92,63,6,830,535
141,237,201,194,254,498,613,46,308
142,902,565,465,607,893,401,794,246
143,718,260,588,233,387,916,277,568
144,287,976,342,726,428,634,541,157
145,937,941,692,862,127,669,189,84
146,639,119,150,298,82,318,29,972
147,481,51,601,226,526,327,940,454
148,546,976,306,367,883,971,528,420
149,913,876,262,155,241,313,284,750
150,843,860,594,226,508,167,569,768
151,580,512,839,564,21,11,592,217
152,406,837,389,351,990,647,575,622
153,537,82,189,430,633,511,4,840
154,139,139,57,293,568,808,238,211
155,479,318,917,868,231,701,739,48
156,914,774,502,529,677,790,460,855
157,755,514,242,364,501,923,177,765
158,983,949,799,212,183,746,480,885
159,323,432,938,689,586,125,562,964
160,522,183,292,816,391,936,745,734
161,563,753,247,476,268,727,62,928
162,820,696,943,55,257,691,785,348
163,923,516,870,38,483,123,249,964
164,235,961,803,894,258,258,140,156
165,560,640,2,392,693,160,959,347
166,926,129,574,90,719,461,396,722
167,576,873,526,235,761,819,851,239
168,778,47,669,704,431,327,879,112
169,675,269,915,492,839,433,434,706
170,354,263,103,982,641,164,25,316
171,425,276,427,781,433,822,937,796
172,584,873,215,235,508,329,880,337
173,629,781,709,159,387,787,345,425
174,331,668,82,297,284,604,943,678
175,653,990,194,486,379,720,758,169
176,231,912,897,210,306,237,336,442
177,881,914,897,661,633,97,943,683
178,229,941,894,380,921,873,235,609
179,402,55,418,115,540,414,233,199
180,530,879,496,716,205,379,693,101
181,690,497,683,670,169,596,404,936
182,88,571,208,598,22,791,79,927
183,40,344,80,441,685,195,694,902
184,960,43,213,92,574,353,381,403
185,620,989,444,602,653,234,852,411
186,792,747,338,762,693,812,245,861
187,355,930,200,247,144,756,392,658
188,495,295,281,592,261,239,331,907
189,430,489,714,109,272,414,100,564
190,67,664,264,282,354,322,74,727
191,434,636,17,683,478,998,695,584
192,660,300,918,993,441,442,654,673
193,642,138,101,993,427,219,472,226
194,446,142,945,826,755,53,254,571
195,542,743,540,553,833,852,430,493
196,132,61,490,953,993,670,945,766
197,233,570,854,403,815,805,304,249
198,15,645,247,772,780,896,214,872
199,426,789,354,457,403,565,147,161
200,385,203,472,800,924,594,343,90
201,618,445,238,888,89,277,188,621
202,157,925,586,348,543,417,625,224
203,722,620,634,605,301,236,226,819
204,355,590,173,913,335,984,749,853
205,117,102,317,218,455,325,582,614
206,804,711,732,269,889,930,805,372
207,428,345,786,619,404,194,987,75
208,149,606,157,225,411,901,227,637
209,203,916,795,892,829,232,472,891
210,615,254,32,786,71,907,884,388
211,864,852,49,675,703,494,232,683
212,308,755,767,805,579,431,742,290
213,727,898,81,580,467,763,207,375
214,139,779,195,709,276,947,322,293
215,958,683,492,933,291,193,756,8
216,15,809,261,781,440,241,21,108
217,496,162,888,179,435,847,674,320
218,185,644,715,462,40,575,971,342
219,364,636,724,103,445,598,485,239
220,30,872,865,609,697,590,776,950
221,368,796,276,857,379,219,16,375
222,327,116,138,387,834,372,291,666
223,209,538,623,850,741,932,579,866
224,464,968,185,228,967,45,821,89
225,721,113,485,412,870,751,606,559
226,946,106,24,220,166,742,713,751
227,104,402,785,619,681,341,461,544
228,619,472,148,333,442,858,996,322
229,955,429,807,274,759,76,231,830
230,420,6,821,36,530,279,445,340
231,498,433,270,264,982,235,390,45
232,111,454,170,489,208,561,722,441
233,348,91,388,936,514,272,895,978
234,477,273,789,983,556,825,243,718
235,654,417,302,558,114,364,679,168
236,147,531,302,592,352,313,834,823
237,355,660,954,619,865,34,220,959
238,254,163,990,154,668,825,180,359
239,547,795,941,56,115,604,195,15
240,58,349,681,749,240,165,226,687
241,82,292,698,777,77,69,928,424
242,773,703,642,880,481,367,969,710
243,440,468,97,623,774,623,548,965
244,51,691,436,437,702,47,221,73
245,400,920,504,687,506,634,262,691
246,965,724,931,417,833,206,458,700
247,550,601,135,179,252,297,880,68
248,358,307,473,967,250,930,112,137
249,251,497,694,749,470,896,229,978
250,469,732,679,439,757,147,717,586
251,400,669,889,440,904,226,168,822
252,54,192,676,486,636,730,71,297
253,303,610,958,677,292,890,438,622
254,787,567,785,600,639,936,332,331
255,665,264,125,854,261,728,5,674
256,955,394,743,556,211,112,181,212
257,748,84,99,986,619,434,318,720
258,690,171,80,274,134,365,457,781
259,507,430,418,838,325,75,748,875
260,918,643,267,446,46,528,819,855
261,748,543,685,786,50,603,1000,278
262,399,962,991,748,677,475,440,820
263,388,549,172,16,210,541,179,533
264,748,527,818,54,376,871,734,902
265,429,922,503,50,206,967,297,798
266,373,627,375,898,867,781,945,353
267,882,77,247,849,371,172,576,77
268,564,822,628,390,579,784,40,657
269,939,715,41,786,730,414,550,92
270,442,253,988,20,590,478,211,588
271,510,514,250,803,915,539,640,363
272,780,905,910,626,300,234,106,116
273,523,360,953,183,499,726,464,551
274,351,12,571,577,325,48,403,374
275,926,405,223,320,711,888,434,897
276,274,308,991,952,502,982,997,968
277,470,640,42,973,297,413,218,621
278,130,605,906,931,55,372,294,657
279,758,86,300,703,984,996,757,761
280,954,370,487,490,951,518,687,588
281,274,535,878,152,436,883,824,281
282,101,118,621,935,782,311,466,124
283,692,953,150,660,524,497,436,319
284,980,619,978,526,524,47,708,576
285,490,779,880,989,214,548,807,780
286,232,866,545,712,828,434,747,437
287,604,66,747,185,756,687,370,149
288,330,804,29,805,241,136,520,29
289,337,53,532,265,804,691,331,694
290,820,985,478,154,862,28,18,47
291,157,275,292,260,343,311,150,530
292,334,164,760,985,495,373,816,845
293,357,344,292,303,639,64,38,829
294,726,404,980,184,386,237,998,432
295,143,459,65,374,97,193,890,395
296,839,283,424,670,750,43,930,494
297,97,196,587,277,904,544,967,92
298,598,336,358,179,254,167,461,744
299,98,618,206,678,90,971,660,56
300,284,324,903,680,467,573,839,525
301,831,129,520,178,732,584,305,622
302,420,224,603,845,693,739,97,690
303,146,831,838,142,710,803,352,458
304,724,48,945,633,626,401,102,964
305,292,620,809,268,973,392,603,739
306,929,879,418,33,259,193,248,316
307,387,546,103,473,473,999,193,918
308,522,9,719,672,674,542,310,133
309,49,768,246,705,847,45,554,362
310,887,125,700,813,478,748,665,613
311,450,710,996,943,121,389,688,288
312,561,136,454,794,624,228,857,185
313,206,735,405,735,68,924,418,787
314,428,300,5,942,45,920,183,761
315,574,323,714,271,871,671,589,62
316,99,93,566,645,204,871,373,238
317,262,310,75,789,12,384,879,48
318,536,942,137,654,219,62,508,873
319,235,446,982,945,786,970,741,439
320,206,869,224,640,399,389,813,620
321,135,982,484,877,60,61,704,75
322,642,740,458,842,135,51,363,519
323,958,353,966,170,960,125,843,68
324,246,188,409,121,171,908,79,915
325,143,326,92,465,636,863,741,167
326,448,323,173,552,659,962,716,595
327,610,178,157,101,455,922,567,489
328,289,38,580,925,477,471,985,981
329,185,111,548,416,411,831,28,275
330,657,381,998,76,277,905,949,406
331,354,768,943,970,799,660,770,417
332,72,809,699,239,103,217,297,248
333,594,556,514,667,527,671,582,730
334,698,800,836,658,860,632,113,337
335,579,310,257,904,775,112,105,940
336,293,32,148,170,511,478,547,728
337,922,587,347,875,601,79,51,213
338,383,424,883,436,334,713,47,251
339,955,652,647,299,888,63,470,289
340,94,654,612,320,585,676,466,492
341,809,461,849,858,427,242,272,440
342,848,114,905,565,1000,608,376,852
343,142,691,525,259,366,91,492,892
344,403,651,12,356,641,212,137,930
345,639,910,637,527,716,201,809,204
346,621,929,946,44,658,811,614,569
347,206,384,477,118,767,1,400,734
348,793,353,52,328,736,121,182,69
349,418,564,132,669,758,564,954,664
350,619,975,826,473,220,913,209,415
351,775,406,555,548,500,366,104,627
352,472,961,47,44,877,92,746,712
353,603,218,208,766,120,272,749,666
354,724,725,70,637,56,646,580,372
355,942,848,930,890,584,665,806,53
356,718,760,612,26,945,299,151,224
357,770,295,992,569,213,496,252,467
358,781,722,140,817,669,43,577,358
359,555,123,489,646,825,787,207,6
360,222,737,940,113,564,245,465,497
361,852,563,50,40,249,879,863,166
362,501,699,16,653,608,436,857,242
363,200,906,944,708,443,522,419,135
364,401,458,786,918,450,415,531,540
365,725,791,725,790,962,385,642,758
366,511,995,523,302,683,510,206,647
367,399,343,488,494,648,601,172,559
368,96,89,991,336,480,960,277,335
369,475,554,444,972,800,667,775,971
370,186,25,539,15,542,251,232,946
371,233,906,89,599,992,697,999,476
372,128,191,379,330,459,212,808,293
373,323,735,328,447,666,516,525,763
374,31,871,744,192,639,898,652,687
375,245,383,211,69,777,187,482,759
376,207,796,362,935,649,255,465,361
377,892,778,435,264,282,196,107,942
378,796,63,401,34,958,870,635,708
379,512,710,966,199,696,527,295,303
380,460,419,317,865,840,448,94,166
381,799,630,317,838,320,143,604,192
382,591,804,577,303,790,787,569,319
383,799,707,176,86,209,589,652,670
384,463,631,819,310,855,263,600,242
385,738,86,540,423,326,719,945,882
386,649,829,800,809,127,82,990,62
387,770,516,529,58,58,747,754,50
388,128,125,392,555,356,361,171,432
389,941,375,676,403,754,487,159,182
390,203,352,38,607,38,936,629,574
391,648,202,947,818,543,107,126,682
392,463,708,501,887,125,958,581,460
393,806,606,3,324,450,191,588,8
394,262,810,609,350,174,47,764,286
395,273,78,820,684,153,950,152,151
396,991,570,947,364,185,32,580,344
397,568,987,828,62,897,970,561,697
398,439,45,34,802,94,56,891,8
399,477,427,316,123,512,635,557,899
400,475,945,635,571,931,499,246,620
401,507,231,780,416,561,487,326,914
402,677,396,832,656,535,553,779,149
403,641,119,729,447,535,656,905,654
404,533,673,242,159,746,295,62,384
405,584,186,169,944,47,877,156,751
406,562,264,552,617,975,578,328,427
407,977,332,746,700,840,411,266,755
408,645,453,551,877,373,896,177,734
409,685,382,835,907,409,730,611,856
410,693,350,263,162,513,775,383,677
411,828,163,228,207,605,838,402,775
412,234,760,454,687,372,205,275,22
413,963,94,28,908,632,243,959,150
414,973,383,183,537,82,754,107,230
415,80,477,526,251,322,773,781,233
416,355,571,121,87,834,321,789,241
417,740,114,248,739,208,196,661,767
418,835,748,254,223,713,798,404,576
419,661,688,365,419,590,464,262,518
420,160,696,328,343,665,766,573,84
421,648,460,818,409,109,337,238,659
422,712,221,753,381,230,291,320,787
423,488,974,703,349,55,844,248,889
424,671,679,158,50,378,576,589,128
425,683,304,836,936,665,111,943,894
426,908,581,285,670,528,234,961,267
427,938,389,166,486,677,762,105,744
428,958,267,454,399,280,888,214,104
429,841,984,587,623,366,839,10,103
430,293,285,926,350,681,346,400,326
431,670,372,945,775,841,955,784,357
432,210,957,338,99,694,200,170,369
433,651,6,239,636,537,732,56,735
434,328,864,613,870,878,454,181,576
435,476,587,814,823,923,740,816,860
436,164,378,449,530,904,588,112,263
437,340,541,15,828,3,719,872,330
438,780,368,125,159,435,999,365,404
439,775,12,718,33,967,231,167,523
440,291,550,801,402,250,376,513,496
441,1000,543,645,347,364,744,492,745
442,944,301,884,563,184,351,198,776
443,334,654,243,555,660,462,460,677
444,151,635,102,712,516,107,176,283
445,937,362,394,5,484,217,886,725
446,364,22,197,726,953,565,851,497
447,977,103,898,368,602,88,343,346
448,326,930,272,341,591,413,588,940
449,863,477,617,920,41,368,980,993
450,447,83,711,851,764,569,71,74
451,417,570,887,269,363,115,626,527
452,839,120,501,860,322,253,602,218
453,932,986,231,804,925,573,522,397
454,837,788,440,742,361,893,380,118
455,953,749,879,626,821,920,814,403
456,97,721,921,939,818,894,264,536
457,572,246,709,42,367,753,408,330
458,219,862,183,451,436,669,172,672
459,734,394,858,716,375,707,421,986
460,743,829,622,400,977,528,271,282
461,32,992,770,104,862,333,12,212
462,391,836,972,174,432,63,578,456
463,459,958,869,925,933,176,770,550
464,908,607,519,472,899,305,514,185
465,561,107,383,2,468,955,645,416
466,184,241,956,683,959,315,818,40
467,638,566,383,86,381,938,575,122
468,865,830,485,478,684,200,349,133
469,528,886,816,475,570,397,793,798
470,139,789,811,722,413,656,854,224
471,807,269,727,973,754,146,323,327
472,950,142,74,899,145,456,857,471
473,442,483,735,943,374,1000,199,309
474,624,114,889,896,783,939,863,344
475,14,413,136,258,412,529,414,656
476,503,144,169,395,770,707,359,324
477,193,880,587,989,927,7,129,69
478,781,200,570,344,988,337,360,416
479,989,29,660,455,187,510,625,151
480,935,565,694,345,250,519,435,797
481,562,238,167,918,817,37,981,419
482,447,197,332,250,644,681,219,854
483,67,854,469,559,606,948,709,983
484,22,808,838,56,494,186,642,779
485,223,691,393,188,909,520,871,116
486,931,507,543,80,822,804,507,659
487,157,876,892,451,717,279,267,866
488,436,13,18,959,405,956,306,18
489,141,743,918,245,182,151,740,539
490,540,48,879,441,802,388,625,734
491,417,893,701,362,589,785,754,671
492,888,343,603,696,397,733,740,723
493,930,378,190,990,411,327,846,417
494,465,376,187,221,992,487,713,423
495,71,552,473,718,13,400,512,854
496,774,473,683,342,218,760,756,562
497,197,659,886,379,427,515,825,739
498,75,678,46,727,126,913,724,32
499,779,449,370,285,742,47,312,325
500,777,447,908,769,886,743,430,549
501,140,462,121,660,724,182,695,711
502,952,934,211,462,467,153,794,56
503,437,677,407,606,545,524,793,211
504,650,413,762,675,680,252,613,268
505,879,707,821,385,72,580,109,380
506,867,893,170,395,935,197,93,974
507,584,219,726,876,652,983,798,16
508,62,96,111,734,127,769,619,943
509,845,612,377,800,941,448,603,729
510,322,437,28,578,616,645,829,695
511,675,435,641,139,705,165,380,702
512,331,904,797,16,124,955,26,898
513,647,60,76,49,688,698,153,983
514,81,240,768,78,388,486,542,724
515,522,857,227,972,791,649,990,994
516,841,473,803,889,289,403,623,560
517,131,755,554,45,865,809,703,390
518,269,680,899,824,672,330,747,855
519,308,126,732,515,659,419,357,689
520,954,264,726,101,62,449,474,676
521,663,242,903,699,548,185,547,406
522,552,543,840,473,726,167,483,40
523,580,543,836,981,375,677,887,775
524,332,170,242,771,72,18,676,412
525,302,804,975,901,78,321,998,673
526,974,338,927,211,833,672,235,722
527,994,917,38,164,783,266,800,628
528,107,98,990,584,975,555,91,907
529,286,771,542,646,534,526,22,762
530,812,781,300,239,657,571,23,589
531,409,561,196,916,698,190,217,755
532,97,565,814,861,965,408,788,966
533,516,648,763,524,478,890,841,480
534,591,44,343,848,370,605,969,878
535,641,973,633,703,577,651,17,864
536,94,229,422,794,229,707,430,61
537,878,458,96,96,52,4,492,618
538,145,976,844,727,974,213,835,220
539,10,502,76,356,666,165,51,544
540,783,646,685,154,350,308,932,325
541,753,285,814,747,274,372,665,495
542,368,322,430,484,70,403,428,635
543,823,817,18,23,952,778,355,493
544,196,826,155,822,670,877,731,751
545,670,136,226,547,405,312,556,543
546,568,357,634,75,383,764,85,984
547,670,848,943,586,983,374,786,277
548,796,154,96,340,371,907,162,482
549,667,77,77,493,663,696,718,640
550,948,962,640,881,535,695,297,685
551,329,228,788,178,409,344,54,779
552,966,953,566,751,413,470,627,526
553,820,502,135,97,357,507,248,128
554,122,641,604,279,458,751,920,431
555,251,61,200,975,299,365,294,858
556,271,787,574,553,457,547,395,805
557,427,578,76,770,857,647,630,338
558,353,925,470,525,570,679,668,799
559,766,431,3,994,765,322,520,862
560,130,360,353,818,369,378,933,541
561,373,187,436,785,58,328,7,444
562,377,72,989,871,226,785,538,532
563,326,822,787,464,122,308,412,550
564,531,80,679,738,590,791,651,504
565,200,878,149,144,66,474,182,552
566,788,364,609,861,991,283,508,371
567,178,869,257,805,158,164,890,858
568,63,914,560,16,190,144,207,292
569,651,932,685,703,21,307,344,226
570,433,631,38,246,334,599,51,133
571,275,414,766,63,936,759,376,873
572,873,872,558,281,173,907,341,984
573,652,319,366,137,974,593,202,362
574,762,346,128,979,19,846,345,27
575,411,756,871,948,23,16,758,725
576,733,656,653,244,895,954,518,13
577,137,168,625,567,320,60,538,357
578,760,644,73,693,967,225,726,593
579,415,887,117,223,446,594,432,685
580,337,770,798,867,631,69,837,184
581,677,327,452,839,259,621,539,519
582,355,557,926,506,339,374,994,921
583,552,970,161,14,43,473,431,233
584,193,403,225,469,643,796,606,90
585,936,188,149,807,666,797,150,450
586,308,665,631,90,205,662,687,903
587,803,495,550,683,859,902,851,910
588,624,809,575,921,670,145,511,321
589,261,875,326,603,463,238,529,891
590,515,838,605,943,816,336,850,395
591,290,176,58,977,779,799,249,52
592,924,408,32,59,950,896,416,131
593,214,994,252,182,2,189,483,61
594,945,201,361,218,651,833,917,765
595,950,818,540,264,27,867,274,69
596,55,810,629,770,202,963,466,30
597,425,289,858,179,3,870,955,937
598,535,182,250,363,378,590,772,733
599,354,947,850,257,394,749,592,276
600,450,453,736,110,844,925,557,242
601,21,954,667,565,155,655,898,518
602,566,281,120,108,77,894,138,158
603,264,533,951,962,322,677,944,42
604,297,760,128,840,779,18,514,16
605,733,874,481,303,442,825,271,484
606,129,262,728,46,53,465,861,707
607,896,898,933,633,534,538,186,90
608,976,531,852,338,802,970,398,710
609,945,420,532,375,643,928,614,562
610,963,467,783,315,384,834,157,904
611,819,75,601,534,660,163,192,599
612,134,745,148,747,805,425,137,697
613,926,543,687,7,4,875,396,178
614,81,7,544,384,82,369,341,246
615,800,450,904,317,256,186,594,588
616,50,743,126,221,209,899,322,650
617,422,460,678,936,725,541,881,331
618,346,444,778,178,696,461,396,197
619,252,790,846,302,835,881,264,644
620,752,490,307,822,957,487,493,486
621,702,967,823,744,664,131,767,558
622,663,304,514,697,282,737,761,144
623,13,528,842,794,43,511,152,895
624,596,333,582,841,665,661,169,981
625,168,385,956,618,865,353,226,37
626,732,755,74,332,722,845,254,383
627,251,977,265,709,394,746,108,333
628,876,417,61,558,24,732,142,550
629,479,480,605,993,620,683,297,681
630,197,483,60,702,785,286,618,888
631,961,394,836,545,67,147,672,681
632,99,73,797,832,550,468,910,456
633,756,382,167,175,44,671,640,109
634,231,783,50,358,185,19,661,724
635,531,207,295,407,461,203,226,461
636,611,319,428,361,377,998,367,73
637,491,979,478,900,763,906,723,666
638,13,583,664,165,642,455,919,69
639,545,616,282,788,557,782,474,835
640,29,391,33,397,130,142,844,461
641,165,498,245,959,974,1,705,150
642,17,769,315,428,477,335,691,303
643,849,1,225,873,544,191,119,988
644,438,609,91,367,528,453,22,396
645,942,173,5,972,708,828,568,408
646,424,984,601,449,840,293,533,677
647,880,956,946,350,531,824,216,815
648,928,7,417,302,559,448,653,30
649,257,457,321,401,978,716,751,270
650,426,136,412,900,274,432,828,75
651,997,931,383,28,220,2,768,330
652,455,221,968,361,358,286,539,573
653,957,80,422,39,259,921,605,62
654,244,588,387,320,409,439,917,949
655,646,951,147,855,314,795,453,247
656,632,393,182,828,642,900,743,378
657,639,850,334,889,221,618,95,777
658,897,264,167,457,392,601,937,973
659,932,297,161,931,316,665,236,99
660,460,592,606,388,694,102,830,185
661,655,818,728,316,35,685,181,803
662,650,840,82,416,144,728,537,699
663,899,669,622,48,815,336,495,42
664,683,886,153,874,40,843,334,301
665,241,560,376,727,491,74,15,432
666,960,71,219,956,112,662,280,154
667,659,680,856,693,700,494,941,831
668,530,153,956,929,21,956,55,691
669,259,6,356,906,601,177,46,814
670,790,226,891,510,673,703,836,450
671,615,315,8,951,963,348,566,326
672,428,858,679,89,723,638,927,47
673,894,987,949,81,963,743,459,605
674,789,628,646,939,414,162,93,363
675,481,446,39,812,199,902,732,973
676,917,655,479,414,462,838,260,299
677,137,550,675,722,250,745,558,216
678,68,486,912,908,933,467,949,294
679,383,314,723,867,470,428,648,871
680,912,230,171,680,348,753,671,842
681,809,792,446,864,705,895,547,930
682,425,508,943,636,206,485,997,173
683,308,319,34,518,71,368,635,895
684,824,1000,273,454,422,470,446,497
685,909,832,232,884,561,924,357,780
686,74,54,591,741,408,369,65,404
687,127,552,612,138,884,728,153,802
688,700,104,310,681,574,701,951,972
689,669,520,470,463,289,846,518,651
690,160,363,634,968,870,103,310,167
691,496,749,984,823,15,430,207,256
692,394,914,436,823,861,607,448,770
693,807,640,560,194,557,122,134,808
694,675,404,836,354,268,617,498,125
695,722,37,182,414,204,300,749,219
696,205,184,877,700,145,631,780,317
697,654,691,379,247,147,313,182,422
698,930,297,91,680,364,29,499,483
699,973,437,198,335,441,470,586,649
700,573,713,684,498,347,753,527,46
701,505,196,898,907,640,130,554,400
702,274,184,511,26,902,733,723,205
703,975,320,672,779,760,796,667,729
704,669,189,779,937,618,173,979,640
705,354,833,766,771,265,640,916,466
706,186,72,166,585,638,788,970,486
707,226,454,684,690,329,734,869,917
708,107,589,715,944,856,328,705,735
709,58,745,766,855,875,4,132,656
710,813,136,609,417,729,544,358,146
711,99,363,785,71,289,691,664,605
712,341,244,197,9,973,178,386,277
713,12,112,308,381,698,86,459,171
714,148,637,619,100,380,685,645,232
715,775,982,978,729,874,21,694,137
716,390,731,667,37,602,929,108,104
717,716,220,822,110,207,166,447,26
718,888,907,152,667,645,785,655,44
719,656,883,50,290,625,650,80,468
720,87,735,227,950,624,859,251,832
721,83,423,877,750,372,732,177,688
722,776,851,862,169,470,983,339,93
723,480,825,469,183,643,16,322,628
724,259,407,40,743,647,386,770,540
725,584,82,845,53,726,373,783,48
726,973,576,732,129,706,548,55,651
727,656,305,757,858,466,866,189,984
728,101,530,221,152,920,290,126,523
729,36,229,946,314,519,875,1,901
730,939,308,901,341,730,350,520,559
731,669,259,401,642,610,639,726,289
732,588,538,603,491,480,149,428,924
733,247,947,156,428,553,683,108,89
734,632,28,778,154,954,140,914,178
735,637,243,630,131,7,198,588,502
736,959,853,336,47,968,754,74,24
737,687,892,689,581,475,164,464,809
738,293,47,42,353,54,449,987,976
739,695,972,662,754,40,758,811,496
740,93,123,87,38,407,539,434,196
741,121,433,190,735,949,443,899,676
742,693,862,514,877,970,484,943,907
743,862,375,598,359,807,602,185,778
744,596,17,679,210,948,485,672,541
745,703,44,284,548,429,2,133,268
746,611,162,164,665,272,556,668,198
747,204,554,686,319,386,610,548,79
748,250,388,153,806,556,671,204,272
749,397,984,540,72,204,630,873,871
750,981,146,463,492,102,927,521,194
751,230,207,816,999,106,671,540,941
752,217,935,463,316,818,422,306,504
753,884,349,862,593,544,168,609,527
754,658,500,302,686,130,586,755,890
755,985,315,644,745,742,187,690,875
756,772,25,981,386,756,241,226,957
757,425,661,555,190,209,226,261,789
758,525,176,993,383,681,713,902,797
759,413,346,1,978,65,18,532,420
760,147,941,177,40,256,483,879,806
761,826,977,153,159,165,190,966,394
762,543,308,668,603,770,8,883,737
763,500,455,571,929,185,99,944,989
764,978,43,981,92,914,936,118,763
765,88,170,704,596,841,62,242,335
766,25,745,872,776,676,711,625,502
767,16,804,329,242,249,259,15,701
768,853,227,829,396,389,101,780,318
769,723,442,398,278,22,378,115,35
770,378,929,24,725,921,412,318,818
771,720,517,243,328,25,582,575,565
772,798,162,928,533,995,398,649,591
773,376,755,679,7,743,469,409,808
774,944,139,590,643,126,130,818,264
775,303,216,766,739,76,928,807,515
776,280,435,457,981,469,538,467,515
777,364,319,194,837,990,670,690,751
778,206,808,342,864,360,77,701,800
779,28,55,707,692,998,403,420,333
780,438,487,910,344,772,683,898,415
781,504,980,885,30,489,824,597,683
782,580,523,213,684,136,150,943,475
783,533,715,335,481,158,562,151,506
784,268,650,935,657,634,277,495,252
785,483,603,98,859,262,27,417,307
786,60,245,975,820,152,994,865,92
787,242,910,30,888,121,151,529,528
788,870,633,405,90,218,311,819,423
789,635,143,542,664,473,797,34,865
790,32,915,735,538,788,546,544,59
791,864,929,385,192,821,821,123,699
792,826,450,717,524,271,989,760,845
793,166,208,782,90,200,121,497,600
794,227,604,490,998,633,107,848,941
795,520,824,18,372,13,570,71,933
796,418,97,196,348,227,285,914,197
797,803,763,503,908,635,809,250,371
798,907,723,269,498,508,615,846,881
799,92,279,247,718,714,608,529,536
800,840,877,124,485,55,904,286,413
801,904,647,767,863,481,501,113,639
802,420,561,267,873,589,79,583,67
803,950,825,232,977,612,444,429,790
804,690,220,2,520,62,534,284,250
805,310,208,303,697,698,696,871,595
806,440,945,106,831,439,384,473,615
807,495,377,462,506,863,253,390,825
808,21,264,541,873,674,881,715,718
809,803,984,542,767,123,691,594,365
810,568,378,618,242,139,795,679,659
811,761,927,254,841,54,824,466,837
812,893,279,671,606,612,72,690,134
813,874,153,375,387,495,851,668,744
814,270,148,600,108,385,823,121,541
815,828,871,494,691,900,959,481,827
816,613,972,971,451,663,54,369,254
817,156,144,768,520,866,203,668,992
818,588,167,892,994,430,992,777,581
819,652,292,993,630,737,913,190,808
820,771,626,442,18,679,925,168,387
821,12,269,113,435,155,962,154,900
822,416,915,578,44,842,958,696,817
823,682,320,601,723,970,941,637,354
824,786,928,309,455,564,299,560,589
825,944,596,495,24,336,38,110,79
826,634,698,927,565,682,109,808,802
827,758,444,3,538,212,827,289,441
828,933,288,689,98,174,784,901,174
829,36,635,2,238,830,743,532,620
830,823,148,959,142,329,478,528,744
831,26,350,524,290,83,703,996,923
832,844,211,644,128,987,32,504,725
833,897,39,884,568,284,735,57,236
834,738,17,206,653,649,250,435,651
835,4,734,274,639,533,362,390,761
836,853,75,281,680,457,989,638,248
837,405,829,905,597,507,157,587,629
838,241,805,601,422,514,969,556,463
839,655,825,826,448,69,833,671,479
840,720,81,16,626,967,863,929,572
841,844,589,329,663,604,719,763,539
842,703,928,658,937,404,345,461,112
843,216,196,555,244,312,427,355,728
844,683,436,311,158,20,791,997,808
845,630,194,145,732,567,677,761,555
846,626,641,962,278,448,94,841,112
847,529,665,951,846,50,440,264,128
848,470,582,505,3,687,191,135,938
849,895,45,339,992,360,872,459,828
850,26,519,473,627,610,2,854,957
851,77,397,4,731,107,468,612,885
852,842,758,145,618,629,591,390,651
853,849,697,623,70,212,807,693,192
854,408,297,971,834,2,809,311,246
855,92,664,13,977,593,408,686,201
856,719,455,492,643,701,673,348,67
857,687,173,274,174,82,141,97,904
858,946,355,605,937,200,60,610,24
859,504,685,471,786,956,138,724,30
860,107,58,712,727,658,559,618,364
861,524,427,759,105,949,184,66,334
862,780,56,432,539,154,689,18,995
863,860,534,1,169,498,359,214,144
864,705,615,331,575,487,116,412,965
865,666,229,869,89,429,184,883,924
866,400,195,454,696,885,582,416,589
867,821,782,398,403,498,241,42,385
868,547,459,81,787,657,270,664,146
869,206,356,87,443,341,271,163,659
870,4,330,558,862,443,589,459,241
871,685,65,561,410,140,402,694,260
872,195,663,913,758,273,547,557,754
873,747,246,932,105,783,173,614,150
874,782,97,358,579,77,898,212,845
875,636,294,305,778,796,291,871,608
876,333,126,965,639,887,23,266,814
877,657,462,480,320,398,835,126,613
878,555,95,701,625,599,43,885,640
879,605,559,546,842,908,204,866,860
880,298,696,200,965,329,216,761,889
881,450,418,383,489,420,541,694,833
882,800,840,255,673,26,455,4,984
883,869,736,888,600,598,768,646,634
884,777,372,530,173,296,346,561,933
885,702,947,826,378,459,620,270,632
886,473,396,802,405,49,413,41,327
887,167,427,20,952,251,679,847,608
888,951,699,118,152,613,630,210,897
889,319,131,695,796,558,717,273,482
890,194,343,105,771,369,821,236,807
891,753,456,282,730,779,152,131,442
892,292,241,786,783,550,725,477,847
893,740,33,581,764,810,737,25,713
894,282,108,951,342,368,59,937,599
895,949,624,619,697,565,145,129,452
896,600,399,209,221,93,90,641,937
897,69,758,827,138,433,990,803,244
898,727,641,463,316,797,402,329,250
899,143,570,909,141,628,572,928,305
900,630,825,832,152,5,96,287,456
901,974,654,79,179,131,567,380,608
902,89,973,446,241,392,727,903,106
903,126,51,50,756,496,737,971,974
904,754,344,284,776,814,909,466,105
905,193,941,817,548,877,743,537,721
906,680,296,481,886,401,943,842,356
907,651,197,928,614,518,789,881,375
908,571,179,752,896,381,110,903,992
909,718,994,847,458,553,15,190,247
910,581,496,723,668,365,86,334,674
911,903,225,552,470,284,997,516,783
912,17,565,417,222,207,696,804,55
913,278,193,962,753,671,373,833,96
914,113,512,555,828,523,784,341,330
915,284,819,446,186,725,758,617,696
916,597,1,854,224,591,242,425,682
917,265,650,503,222,402,808,453,871
918,742,909,276,691,673,146,641,414
919,36,487,700,311,700,303,691,301
920,776,945,555,725,174,506,180,512
921,475,75,305,557,236,528,733,72
922,719,366,267,809,560,322,541,150
923,122,329,8,56,850,833,407,507
924,451,920,224,409,153,116,207,537
925,756,52,498,467,514,195,37,726
926,266,406,420,295,878,104,495,368
927,260,153,632,154,608,439,969,126
928,827,20,17,615,447,877,662,802
929,821,237,591,671,766,15,953,925
930,967,671,783,257,321,211,840,559
931,378,829,1,670,397,233,629,71
932,96,718,93,2,476,640,368,58
933,436,226,605,993,329,231,430,48
934,55,187,383,299,284,719,413,810
935,539,124,340,190,563,937,343,500
936,612,605,649,734,299,812,327,451
937,65,59,216,916,333,197,778,107
938,520,738,919,876,263,448,104,444
939,383,302,370,750,429,836,887,224
940,700,983,188,550,163,115,992,148
941,522,218,217,418,472,268,578,330
942,763,3,449,123,570,856,218,170
943,388,724,959,882,619,210,9,437
944,513,831,481,689,951,5,265,130
945,875,944,472,277,993,92,853,564
946,13,21,189,690,272,621,996,943
947,478,499,312,331,847,128,170,749
948,265,260,109,349,948,350,624,129
949,14,509,28,193,993,691,530,114
950,901,25,604,102,970,37,385,454
951,677,525,149,119,678,159,479,247
952,911,563,210,148,337,673,426,811
953,823,644,315,830,153,718,997,178
954,268,138,891,38,716,442,620,297
955,17,419,943,225,99,284,514,704
956,536,200,49,782,302,381,344,390
957,626,854,366,671,110,411,484,450
958,835,705,231,710,597,568,557,26
959,947,412,564,933,696,596,61,573
960,585,201,865,368,932,518,153,804
961,102,85,653,446,191,345,618,90
962,692,621,831,70,262,809,1,833
963,200,854,109,499,806,18,717,520
964,230,825,963,984,21,243,730,91
965,886,455,174,834,994,861,974,680
966,542,1,924,540,750,88,62,915
967,281,678,3,39,688,740,753,585
968,569,8,793,78,455,760,585,738
969,657,433,618,913,992,402,255,409
970,348,243,556,2,631,506,873,211
971,854,827,879,61,572,890,430,166
972,260,449,400,250,482,273,832,269
973,48,385,852,712,166,247,102,781
974,315,803,248,912,980,543,892,656
975,457,432,790,708,394,303,887,747
976,519,485,477,550,970,870,830,120
977,681,415,775,161,297,822,536,422
978,916,97,695,369,949,111,746,782
979,928,448,24,82,766,18,508,919
980,765,243,432,364,519,716,546,128
981,460,377,314,649,819,450,238,584
982,138,77,476,552,595,998,781,937
983,707,86,372,513,238,893,609,363
984,295,189,945,909,991,408,340,245
985,29,28,777,777,689,515,188,279
986,433,583,943,218,292,544,570,367
987,963,348,52,6,254,612,844,829
988,963,577,78,284,508,728,902,557
989,80,879,591,318,959,990,734,114
990,56,947,678,463,891,915,249,692
991,497,375,926,806,186,695,56,236
992,132,900,897,497,340,133,953,635
993,578,821,256,512,333,602,161,55
994,468,240,371,366,14,256,755,330
995,328,887,802,57,706,269,82,279
996,955,585,539,865,60,396,332,85
997,689,737,323,787,730,721,803,894
998,576,400,908,341,276,433,513,224
999,427,892,974,49,88,734,762,595
1000,21,437,716,926,140,100,42,86
